symbol	side	placed_at_local	cancelled_at_local	seconds	placed_log_line	cancelled_log_line
SNXXUSDT	short	00:18:03	00:18:07	4	533	538
BTWUSDT	long	00:28:26	00:28:31	5	836	849
BTWUSDT	long	00:43:29	00:43:32	3	1250	1255
SNDKUSDT	short	00:52:24	00:52:27	3	1521	1525
SNXXUSDT	short	01:02:13	01:02:44	31	1822	1834
SNXXUSDT	short	01:12:00	01:12:03	3	2124	2128
SNXXUSDT	short	01:23:01	01:23:04	3	2446	2450
PROMUSDT	short	01:40:31	01:40:34	3	3046	3050
CRWVUSDT	long	02:01:19	02:01:31	12	3685	3709
SNXXUSDT	short	02:01:29	02:01:33	4	3700	3710
BZUSDT	long	02:49:25	02:49:29	4	5275	5287
BZUSDT	long	02:59:29	02:59:30	1	5642	5646
BZUSDT	long	03:18:48	03:18:49	1	6269	6273
BZUSDT	long	03:24:54	03:25:00	6	6483	6495
BZUSDT	long	03:29:57	03:29:59	2	6683	6695
BZUSDT	long	03:39:44	03:39:46	2	7053	7057
BZUSDT	long	03:59:29	03:59:30	1	7784	7788
BZUSDT	long	04:03:53	04:03:59	6	7956	7971
BZUSDT	long	04:14:31	04:14:33	2	8340	8344
BZUSDT	long	04:20:34	04:20:36	2	8574	8578
MUUSDT	short	04:30:55	04:30:59	4	8874	8886
BZUSDT	long	04:40:34	04:40:44	10	9174	9190
MUUSDT	short	04:40:43	04:40:46	3	9186	9191
MUUSDT	short	04:50:55	04:51:00	5	9490	9503
MUUSDT	short	05:01:57	05:02:08	11	9806	9831
QNTUSDT	long	05:02:06	05:02:10	4	9826	9832
MUUSDT	short	05:10:41	05:10:43	2	10103	10107
BZUSDT	long	05:25:29	05:25:30	1	10663	10672
DOGEUSDT	short	05:50:50	05:51:00	10	11820	11832
